lat,lon
19.84325,75.26009
19.843226,75.26005400000001
19.843202,75.260018
19.843177999999998,75.25998200000001
19.843154,75.259946
19.84313,75.25991
19.843104285714283,75.25987428571429
19.84307857142857,75.25983857142857
19.843052857142855,75.25980285714286
19.843027142857142,75.25976714285714
19.843001428571426,75.25973142857143
19.842975714285714,75.25969571428571
19.84295,75.25966
19.84292357142857,75.25962214285714
19.84289714285714,75.25958428571428
19.842870714285713,75.25954642857143
19.842844285714285,75.25950857142857
19.842817857142858,75.25947071428571
19.842791428571427,75.25943285714285
19.842765,75.259395
19.842738571428573,75.25935714285714
19.842712142857142,75.25931928571428
19.842685714285714,75.25928142857143
19.842659285714287,75.25924357142857
19.84263285714286,75.25920571428571
19.84260642857143,75.25916785714286
19.84258,75.25913
19.8425525,75.2590925
19.842525000000002,75.259055
19.8424975,75.2590175
19.842470000000002,75.25898
19.8424425,75.2589425
19.842415000000003,75.258905
19.8423875,75.2588675
19.842360000000003,75.25883
19.8423325,75.2587925
19.842305000000003,75.25875500000001
19.8422775,75.2587175
19.84225,75.25868
19.842222500000002,75.25864250000001
19.842195,75.258605
19.842167500000002,75.2585675
19.84214,75.25853000000001
19.842112500000002,75.2584925
19.842085,75.258455
19.842057500000003,75.25841750000001
19.84203,75.25838
19.84200288888889,75.25834311111112
19.84197577777778,75.25830622222223
19.841948666666667,75.25826933333333
19.841921555555558,75.25823244444445
19.841894444444446,75.25819555555556
19.841867333333333,75.25815866666667
19.841840222222224,75.25812177777777
19.84181311111111,75.25808488888889
19.841786000000003,75.258048
19.84175888888889,75.25801111111112
19.841731777777778,75.25797422222223
19.84170466666667,75.25793733333333
19.841677555555556,75.25790044444445
19.841650444444447,75.25786355555556
19.841623333333335,75.25782666666667
19.841596222222222,75.25778977777777
19.841569111111113,75.25775288888889
19.841542,75.257716
19.84151488888889,75.25767911111112
19.84148777777778,75.25764222222223
19.841460666666666,75.25760533333333
19.841433555555557,75.25756844444444
19.841406444444445,75.25753155555556
19.841379333333336,75.25749466666667
19.841352222222223,75.25745777777777
19.84132511111111,75.25742088888889
19.841298000000002,75.257384
19.84127088888889,75.25734711111112
19.84124377777778,75.25731022222223
19.841216666666668,75.25727333333333
19.841189555555555,75.25723644444444
19.841162444444446,75.25719955555556
19.841135333333334,75.25716266666667
19.841108222222225,75.25712577777777
19.841081111111112,75.25708888888889
19.841054,75.257052
19.84102688888889,75.25701511111112
19.84099977777778,75.25697822222223
19.84097266666667,75.25694133333333
19.840945555555557,75.25690444444444
19.840918444444444,75.25686755555556
19.840891333333335,75.25683066666667
19.840864222222223,75.25679377777777
19.840837111111114,75.25675688888889
19.84081,75.25672
19.84078210526316,75.25668526315789
19.840754210526317,75.2566505263158
19.840726315789475,75.25661578947368
19.840698421052632,75.25658105263157
19.84067052631579,75.25654631578948
19.840642631578948,75.25651157894737
19.840614736842106,75.25647684210527
19.840586842105264,75.25644210526316
19.84055894736842,75.25640736842105
19.84053105263158,75.25637263157896
19.840503157894737,75.25633789473684
19.840475263157895,75.25630315789473
19.840447368421053,75.25626842105264
19.84041947368421,75.25623368421053
19.84039157894737,75.25619894736843
19.840363684210526,75.25616421052632
19.840335789473684,75.25612947368421
19.840307894736842,75.25609473684212
19.84028,75.25606
19.84025,75.25602823529412
19.84022,75.25599647058824
19.84019,75.25596470588236
19.84016,75.25593294117648
19.840130000000002,75.25590117647059
19.8401,75.2558694117647
19.84007,75.25583764705883
19.840040000000002,75.25580588235294
19.84001,75.25577411764706
19.83998,75.25574235294118
19.83995,75.2557105882353
19.83992,75.25567882352942
19.83989,75.25564705882353
19.83986,75.25561529411765
19.839830000000003,75.25558352941177
19.8398,75.25555176470588
19.83977,75.25552
19.83973695652174,75.25548956521739
19.83970391304348,75.25545913043479
19.839670869565218,75.25542869565217
19.839637826086957,75.25539826086957
19.839604782608696,75.25536782608695
19.839571739130434,75.25533739130435
19.839538695652173,75.25530695652174
19.839505652173912,75.25527652173913
19.83947260869565,75.25524608695652
19.83943956521739,75.25521565217392
19.83940652173913,75.2551852173913
19.83937347826087,75.2551547826087
19.83934043478261,75.25512434782608
19.83930739130435,75.25509391304348
19.839274347826088,75.25506347826087
19.839241304347826,75.25503304347826
19.839208260869565,75.25500260869565
19.839175217391304,75.25497217391305
19.839142173913043,75.25494173913043
19.83910913043478,75.25491130434783
19.83907608695652,75.25488086956521
19.83904304347826,75.25485043478261
19.83901,75.25482
19.83897533333333,75.25479133333333
19.838940666666666,75.25476266666666
19.838905999999998,75.254734
19.838871333333334,75.25470533333333
19.838836666666666,75.25467666666667
19.838801999999998,75.254648
19.838767333333333,75.25461933333334
19.838732666666665,75.25459066666666
19.838698,75.25456199999999
19.838663333333333,75.25453333333333
19.838628666666665,75.25450466666666
19.838594,75.254476
19.838559333333333,75.25444733333333
19.838524666666668,75.25441866666667
19.83849,75.25439
19.838458,75.254366
19.838426,75.25434200000001
19.838394,75.254318
19.838362,75.254294
19.83833,75.25427
19.838293636363634,75.25424363636364
19.838257272727272,75.25421727272727
19.838220909090907,75.25419090909091
19.838184545454546,75.25416454545454
19.83814818181818,75.25413818181818
19.83811181818182,75.25411181818183
19.838075454545454,75.25408545454546
19.838039090909092,75.2540590909091
19.838002727272727,75.25403272727273
19.837966363636365,75.25400636363636
19.83793,75.25398
19.837894375,75.25395375
19.83785875,75.2539275
19.837823125,75.25390125
19.8377875,75.253875
19.837751875,75.25384875
19.83771625,75.2538225
19.837680625,75.25379625
19.837645000000002,75.25377
19.837609375,75.25374375
19.83757375,75.2537175
19.837538125000002,75.25369124999999
19.8375025,75.253665
19.837466875,75.25363875
19.83743125,75.25361249999999
19.837395625,75.25358625
19.83736,75.25356
19.83736,75.25356
19.837326,75.25353399999999
19.837292,75.253508
19.837258,75.25348199999999
19.837224,75.253456
19.83719,75.25343
19.837206666666667,75.25340333333332
19.837223333333334,75.25337666666667
19.83724,75.25335
19.837267500000003,75.253315
19.837295,75.25327999999999
19.8373225,75.25324499999999
19.83735,75.25321
19.837376666666668,75.253175
19.837403333333334,75.25314
19.83743,75.253105
19.837456666666668,75.25307
19.837483333333335,75.253035
19.83751,75.253
19.837537500000003,75.25296625
19.837565,75.2529325
19.8375925,75.25289875
19.83762,75.252865
19.837647500000003,75.25283125
19.837675,75.2527975
19.8377025,75.25276375
19.83773,75.25273
19.837755555555557,75.25269222222222
19.837781111111113,75.25265444444445
19.837806666666665,75.25261666666667
19.83783222222222,75.25257888888889
19.837857777777778,75.25254111111111
19.837883333333334,75.25250333333334
19.837908888888887,75.25246555555556
19.837934444444443,75.25242777777778
19.83796,75.25239
19.83798357142857,75.25235214285715
19.83800714285714,75.25231428571429
19.838030714285715,75.25227642857143
19.838054285714286,75.25223857142858
19.838077857142856,75.25220071428572
19.838101428571427,75.25216285714286
19.838124999999998,75.252125
19.838148571428572,75.25208714285714
19.838172142857143,75.25204928571428
19.838195714285714,75.25201142857142
19.838219285714285,75.25197357142856
19.83824285714286,75.25193571428571
19.83826642857143,75.25189785714285
19.83829,75.25186
19.8383125,75.25181875
19.838335,75.2517775
19.8383575,75.25173625
19.83838,75.251695
19.8384025,75.25165375
19.838425,75.2516125
19.8384475,75.25157125
19.83847,75.25153
19.83848,75.251486
19.83849,75.251442
19.8385,75.25139800000001
19.83851,75.251354
19.83852,75.25131
19.838524705882353,75.25126294117648
19.838529411764704,75.25121588235295
19.838534117647058,75.25116882352941
19.83853882352941,75.25112176470589
19.838543529411766,75.25107470588236
19.838548235294116,75.25102764705883
19.83855294117647,75.2509805882353
19.838557647058824,75.25093352941177
19.838562352941175,75.25088647058824
19.83856705882353,75.25083941176472
19.838571764705883,75.25079235294118
19.838576470588233,75.25074529411765
19.838581176470587,75.25069823529412
19.83858588235294,75.2506511764706
19.838590588235295,75.25060411764706
19.838595294117646,75.25055705882353
19.8386,75.25051
19.8386,75.25048000000001
19.8386,75.25045
19.838604,75.250406
19.838608,75.250362
19.838611999999998,75.25031800000001
19.838616,75.250274
19.83862,75.25023
19.838623636363636,75.25018636363636
19.838627272727273,75.25014272727273
19.83863090909091,75.25009909090909
19.838634545454546,75.25005545454546
19.838638181818183,75.25001181818182
19.838641818181816,75.24996818181819
19.838645454545453,75.24992454545455
19.83864909090909,75.24988090909092
19.838652727272727,75.24983727272728
19.838656363636364,75.24979363636365
19.83866,75.24975
19.838663571428572,75.249705
19.838667142857144,75.24966
19.838670714285715,75.249615
19.838674285714287,75.24957
19.83867785714286,75.249525
19.83868142857143,75.24948
19.838684999999998,75.249435
19.83868857142857,75.24939
19.83869214285714,75.249345
19.838695714285713,75.2493
19.838699285714284,75.249255
19.838702857142856,75.24921
19.838706428571427,75.249165
19.83871,75.24912
19.838712857142855,75.24907571428572
19.838715714285712,75.24903142857143
19.838718571428572,75.24898714285715
19.83872142857143,75.24894285714286
19.838724285714285,75.24889857142858
19.83872714285714,75.24885428571429
19.838729999999998,75.24881
19.83873285714286,75.24876571428572
19.838735714285715,75.24872142857143
19.83873857142857,75.24867714285715
19.838741428571428,75.24863285714287
19.838744285714288,75.24858857142858
19.838747142857144,75.24854428571429
19.83875,75.2485
19.83875409090909,75.24845318181819
19.838758181818182,75.24840636363638
19.838762272727273,75.24835954545455
19.838766363636363,75.24831272727273
19.838770454545454,75.24826590909092
19.838774545454548,75.2482190909091
19.83877863636364,75.24817227272727
19.83878272727273,75.24812545454546
19.83878681818182,75.24807863636364
19.83879090909091,75.24803181818183
19.838795,75.247985
19.83879909090909,75.24793818181818
19.838803181818182,75.24789136363637
19.838807272727273,75.24784454545456
19.838811363636363,75.24779772727274
19.838815454545454,75.24775090909091
19.838819545454548,75.2477040909091
19.83882363636364,75.24765727272728
19.83882772727273,75.24761045454547
19.83883181818182,75.24756363636364
19.83883590909091,75.24751681818182
19.83884,75.24747
19.838843846153846,75.2474253846154
19.83884769230769,75.24738076923077
19.83885153846154,75.24733615384616
19.838855384615385,75.24729153846154
19.83885923076923,75.24724692307693
19.838863076923076,75.2472023076923
19.838866923076925,75.2471576923077
19.83887076923077,75.24711307692307
19.838874615384615,75.24706846153846
19.83887846153846,75.24702384615384
19.83888230769231,75.24697923076923
19.838886153846154,75.2469346153846
19.83889,75.24689
19.838895,75.2468425
19.8389,75.24679499999999
19.838904999999997,75.2467475
19.83891,75.2467
19.838913333333334,75.24666
19.838916666666666,75.24662
19.83892,75.24658
19.83892,75.24658
19.838953333333336,75.24658666666666
19.838986666666667,75.24659333333334
19.83902,75.2466
19.839058,75.246602
19.839096,75.246604
19.839134,75.246606
19.839172,75.24660800000001
19.83921,75.24661
19.83924,75.24661333333333
19.839270000000003,75.24661666666667
19.8393,75.24662
19.83934,75.246625
19.839380000000002,75.24663
19.83942,75.246635
19.83946,75.24664
19.8395,75.246645
19.83954,75.24665
19.839582222222223,75.24665333333334
19.839624444444443,75.24665666666667
19.839666666666666,75.24666
19.83970888888889,75.24666333333333
19.83975111111111,75.24666666666667
19.839793333333333,75.24667
19.839835555555556,75.24667333333333
19.839877777777776,75.24667666666666
19.83992,75.24668
19.839961666666667,75.24668249999999
19.840003333333332,75.246685
19.840045,75.2466875
19.840086666666668,75.24669
19.840128333333332,75.2466925
19.84017,75.24669499999999
19.84021166666667,75.2466975
19.840253333333333,75.24669999999999
19.840295,75.2467025
19.84033666666667,75.24670499999999
19.840378333333334,75.2467075
19.84042,75.24671
19.840458333333334,75.24672
19.840496666666667,75.24673
19.840535000000003,75.24673999999999
19.840573333333335,75.24674999999999
19.840611666666668,75.24676
19.84065,75.24677
19.840686,75.24677
19.840722,75.24677
19.840758,75.24677
19.840794,75.24677
19.84083,75.24677
19.84083,75.24677
